163008284;Aabigail delaplace
669279898;Abigail Belmonte
998588027;Adão Mourinho
174915835;Alexandre Vilarinho
733864371;Aluísio Casqueira
198120210;Américo Neres
784761554;Antonieta Canhão
601450321;Antão Sánchez
647718391;Antão Teixeira
217565433;Araci Estrada
645260767;Bartolomeu Valério
242471963;Bento Ginjeira
880383812;Bernardina Garcia de Gondim
676417317;Branca Rocha
360788429;Caetano Soares
509259351;Carina Belchiorinho
403035277;Carminda Póvoas
397405161;Casimiro Prada
677359143;Casimiro Vásquez
985888410;Catarino Oiticica
653068191;Caubi Correia
975375823;Caubi Negromonte
770929720;Cesário Ramírez
945134298;Clara Benevides
953998578;Cláudio Ayres
836071445;Corina Bonilla
555976930;Cristóvão Girón
962508895;Cândida Santos
970626365;Cândido Parafita
384028096;David Mansilla
728173805;Delfim Pêssego
133634649;Delfina Quintela
953307995;Diana Baião
726761833;Domingas Garrido
208550485;Délia Saloio
687172367;Emanuel Bautista
824882043;Ermelinda Guzmán
893312039;Estêvão Dantas
288622689;Eudes Pimienta
472600435;Eurico Monjardim
110877472;Evandro Domingues
833883457;Felicidade Dinis
615072399;Filena Rego
891261286;Filena Taperebá
510300775;Francisca Moreyra
875860828;Francisco Camilo
400520637;Fábia Aragón
813336052;Félix Malheiros
273265990;Gabriel Brito
977879781;Gerardo Quintas
799224463;Gilberto Piragibe
826334182;Gina Sacramento
953255604;Gláucio Pais
570154184;Glória Marroquim
771468481;Greice Salguero
907254183;Gualdim Marques
406225630;Gueda Pinho
327445412;Guilhermina Aires
869763079;Honório Quintela
376851995;Irene Álvez
611473509;Isadora Neiva
597936885;Israel Saldanha
410486645;Jeremias Motta
564781505;Jorgina Barata
324698718;Laura Porciúncula
519037130;Leonel Flores
251953872;Leonilde Queiroga
149580763;Levindo Morgado
412349170;Lucrécia Chamusca
440576562;Lucília Tévez
522181198;Lívia Rodovalho
423226643;Madalena Sampaio
274460019;Manuel Godoi
137253598;Maurício Correa
314487929;Melissa Brandão
684760794;Mem Nolasco
913114427;Moema Pessoa
615008567;Márcia Ferrera
498096847;Natália Temes
186380418;Nicanor Velázquez
592888349;Olga Lagos
297321311;Palmiro Abrantes
912714600;Paraguaçu Valim
546143954;Paulina Marins
767475495;Piedade Camarinho
684183082;Quitério Pêcego
453398138;Romão Peralta
173701127;Rosa Suaçuna
911628495;Rudá Viégas
323161217;Santiago Tavera
450553122;Sidónio Canto
523102004;Sonás Bensaúde
821098102;Sonás Castro
761039768;Sílvia Gallindo
987883509;Sílvio Alcántara
145796822;Teresa Teixeira
280076899;Tristão Poças
239837382;Ubajara Quintanilha
195377585;Valdeci Cordeiro
592426069;Zacarias Diegues
